<Name> Apostolos Zarras </Name> 
<AFM> 123456789 </AFM> 
<Status> Married Filing Jointly </Status> 
<Income> 22570.0 </Income> 

<Receipts> 

<ReceiptID> 9 </ReceiptID>
<Date> 10/12/2000 </Date> 
<Kind> Basic </Kind> 
<Amount> 3.0 </Amount> 
<Company> vdsnk </Company> 
<Country> dvj </Country> 
<City> ng </City> 
<Street> ri </Street> 
<Number> 5 </Number> 

<ReceiptID> 2 </ReceiptID>
<Date> 12/12/1999 </Date> 
<Kind> Basic </Kind> 
<Amount> 3.0 </Amount> 
<Company> fdas </Company> 
<Country> gds </Country> 
<City> sfd </City> 
<Street> fds </Street> 
<Number> 2 </Number> 

<ReceiptID> 3 </ReceiptID>
<Date> 12/12/1999 </Date> 
<Kind> Basic </Kind> 
<Amount> 4.0 </Amount> 
<Company> gfdsa </Company> 
<Country> vfd </Country> 
<City> nhv </City> 
<Street> ft </Street> 
<Number> 4 </Number> 

<ReceiptID> 4 </ReceiptID>
<Date> 12/12/1999 </Date> 
<Kind> Basic </Kind> 
<Amount> 3.0 </Amount> 
<Company> fnoa </Company> 
<Country> vdnjo </Country> 
<City> vcnjol </City> 
<Street> vdoj </Street> 
<Number> 2 </Number> 

<ReceiptID> 7 </ReceiptID>
<Date> 11/12/1998 </Date> 
<Kind> Basic </Kind> 
<Amount> 3.0 </Amount> 
<Company> trds </Company> 
<Country> ojnfsd </Country> 
<City> vbds </City> 
<Street> bcdh </Street> 
<Number> 2 </Number> 

